CBNO,ILCE_CBNO,ADI,ALAN,CEVRE,NUFUS,POSTAKODU
35.00000,3.00000,ARGINCIK,1487460.00000,5613.00000,8925.00000,"38030"
37.00000,4.00000,CUMHURİYET,303128.00000,2166.00000,332.00000,"38110"
14.00000,5.00000,BAHÇELİEVLER,1213501.00000,4889.00000,22780.00000,"38280"
15.00000,3.00000,BARBAROS,1751644.00000,5592.00000,17187.00000,"38060"
780.00000,15.00000,SİNDELHÖYÜK CAMİKEBİR,34938580.00000,29994.00000,1624.00000,"38400"
18.00000,5.00000,MENGÜCEK,9634345.00000,20871.00000,261.00000,"38300"
19.00000,5.00000,BAŞAKPINAR,30022566.00000,29359.00000,3909.00000,"38300"
75.00000,2.00000,FIRINÖNÜ,29006434.00000,25275.00000,1487.00000,"38560"
844.00000,15.00000,SİNDELHÖYÜK FATİH,80765840.00000,41319.00000,1255.00000,"38400"
278.00000,3.00000,KARAKİMSE,41371054.00000,40406.00000,356.00000,"38090"
290.00000,14.00000,KARAŞEYH,18437578.00000,23635.00000,175.00000,"38750"
826.00000,8.00000,ILICA,21901364.00000,27456.00000,716.00000,"38820"
69.00000,3.00000,KAYABAŞI,2532726.00000,6687.00000,6658.00000,"38030"
324.00000,7.00000,BAHÇELİ EVLER,13018852.00000,24359.00000,190.00000,"38770"
349.00000,8.00000,BAKARCAK,40488296.00000,40393.00000,1012.00000,"38820"
404.00000,11.00000,KUŞÇU,9118166.00000,17470.00000,308.00000,"38800"
427.00000,6.00000,KARAKAYA,38310562.00000,35192.00000,952.00000,"38600"
20.00000,4.00000,BATTALGAZİ,4910019.00000,12079.00000,21643.00000,"38150"
21.00000,4.00000,BECEN,8728288.00000,15999.00000,2203.00000,"38150"
22.00000,1.00000,BEĞENDİK,32367905.00000,41910.00000,1928.00000,"38310"
483.00000,15.00000,SARICA,17332833.00000,19859.00000,360.00000,"38400"
24.00000,3.00000,BEYAZŞEHİR,1517723.00000,6815.00000,18517.00000,"38080"
25.00000,3.00000,BOĞAZKÖPRÜ,23463631.00000,29693.00000,101.00000,"38090"
26.00000,3.00000,BOZTEPE,4457387.00000,11151.00000,2267.00000,"38040"
103.00000,5.00000,HAN,279622.00000,2628.00000,512.00000,"38280"
104.00000,5.00000,HARMAN,7821669.00000,12120.00000,2675.00000,"38280"
2.00000,3.00000,AKCATEPE,10477299.00000,21608.00000,321.00000,"38095"
4.00000,1.00000,AKDAM,1892668.00000,7633.00000,1028.00000,"38310"
5.00000,1.00000,AKYAZI,3860778.00000,9720.00000,1659.00000,"38310"
6.00000,4.00000,ALPASLAN,1540206.00000,6302.00000,21860.00000,"38140"
7.00000,3.00000,ALSANCAK,980950.00000,5054.00000,4737.00000,"38030"
9.00000,4.00000,ANAFARTALAR,439021.00000,2807.00000,7323.00000,"38170"
11.00000,1.00000,AŞAĞI,12237048.00000,21745.00000,1923.00000,"38310"
499.00000,15.00000,ZİLE,27872557.00000,28773.00000,390.00000,"38400"
13.00000,2.00000,BAHÇELİEVLER,61822162.00000,46865.00000,2745.00000,"38560"
480.00000,6.00000,GÜLLÜCE,42140937.00000,35402.00000,1581.00000,"38600"
500.00000,6.00000,HAZARŞAH,36862997.00000,49297.00000,213.00000,"38600"
34.00000,5.00000,CEBİR,35583729.00000,29630.00000,275.00000,"38300"
82.00000,4.00000,GESİ FATİH,3587808.00000,11497.00000,32056.00000,"38180"
1.00000,3.00000,AHİ EVRAN,1267111.00000,5648.00000,7215.00000,"38080"
522.00000,10.00000,PAZARSU,54806674.00000,42053.00000,55.00000,"38700"
51.00000,3.00000,ERCİYESEVLER,782806.00000,4052.00000,15359.00000,"38020"
52.00000,4.00000,ERENKÖY,18345769.00000,20859.00000,12816.00000,"38150"
453.00000,15.00000,SATI,19532815.00000,23386.00000,130.00000,"38400"
55.00000,3.00000,ÇEVRİL,28717722.00000,30392.00000,515.00000,"38055"
577.00000,10.00000,TAŞOLUK,28652441.00000,32683.00000,52.00000,"38700"
58.00000,3.00000,EMMİLER,31236287.00000,33122.00000,472.00000,"38055"
608.00000,10.00000,KUŞÇULAR,20509586.00000,24203.00000,62.00000,"38700"
626.00000,10.00000,AKPINAR,7735412.00000,15514.00000,36.00000,"38700"
574.00000,13.00000,KÜÇÜKCANLI,12368871.00000,18092.00000,101.00000,"38900"
87.00000,4.00000,KAYABAĞ,26679152.00000,24441.00000,463.00000,"38190"
88.00000,3.00000,GEVHER NESİBE,589792.00000,3520.00000,3694.00000,"38010"
89.00000,4.00000,GÖKKENT,2371821.00000,7645.00000,6829.00000,"38165"
233.00000,2.00000,BAHÇESARAY,9320853.00000,16437.00000,1857.00000,"38560"
91.00000,4.00000,GÜLTEPE,916447.00000,4259.00000,10603.00000,"38140"
92.00000,4.00000,GÜLÜK,616840.00000,3465.00000,7912.00000,"38120"
93.00000,3.00000,GÜNEŞLİ,26364390.00000,26833.00000,707.00000,"38095"
95.00000,3.00000,GÖMEÇ,19641695.00000,24317.00000,473.00000,"38095"
97.00000,3.00000,KARAHÖYÜK,6802013.00000,11904.00000,31.00000,"38095"
98.00000,3.00000,KIZIK,30726227.00000,31248.00000,424.00000,"38095"
99.00000,3.00000,SALUR,9849868.00000,16624.00000,188.00000,"38095"
100.00000,4.00000,GÜRPINAR,25025383.00000,26836.00000,925.00000,"38195"
137.00000,4.00000,KOCATEPE,1097016.00000,4840.00000,10297.00000,"38170"
250.00000,3.00000,BARSAMA,18840643.00000,22808.00000,331.00000,"38095"
267.00000,3.00000,AMARAT,28544304.00000,24479.00000,267.00000,"38095"
272.00000,3.00000,BEYDEĞİRMENİ,17520163.00000,23869.00000,100.00000,"38090"
269.00000,3.00000,YUVALI,77805993.00000,59832.00000,400.00000,"38090"
273.00000,3.00000,KAŞKÖY,32074630.00000,39789.00000,415.00000,"38090"
274.00000,3.00000,KALKANCIK,26618789.00000,42716.00000,254.00000,"38090"
78.00000,4.00000,GERMİR,6053001.00000,12186.00000,10929.00000,"38165"
155.00000,4.00000,DEMOKRASİ,4528718.00000,9428.00000,29790.00000,"38165"
396.00000,11.00000,ÇADIRKAYA,22115563.00000,20697.00000,326.00000,"38800"
28.00000,2.00000,BULGURCU,116085.00000,1637.00000,245.00000,"38560"
39.00000,2.00000,ÇARDAKLI,18503043.00000,22673.00000,365.00000,"38560"
76.00000,2.00000,GARİPÇE,38059287.00000,35034.00000,812.00000,"38560"
41.00000,4.00000,DANİŞMENTGAZİ,911195.00000,4159.00000,11089.00000,"38150"
42.00000,2.00000,DOKUZPINAR,600439.00000,4197.00000,124.00000,"38560"
43.00000,3.00000,EBİÇ,41448262.00000,42108.00000,936.00000,"38090"
458.00000,6.00000,FATİH,33593659.00000,29410.00000,2787.00000,"38600"
47.00000,5.00000,ENDÜRLÜK,5750773.00000,13141.00000,279.00000,"38300"
48.00000,1.00000,ERCİYES,2432492.00000,10246.00000,1926.00000,"38310"
73.00000,3.00000,FEVZİ ÇAKMAK,983914.00000,4016.00000,16582.00000,"38020"
151.00000,5.00000,MEVLANA,4123342.00000,8555.00000,94739.00000,"38280"
152.00000,3.00000,MEVLANA,988866.00000,4002.00000,10509.00000,"38040"
153.00000,3.00000,MİMARSİNAN,1196863.00000,4432.00000,18920.00000,"38020"
257.00000,3.00000,KUŞCAĞIZ,13007726.00000,19300.00000,133.00000,"38095"
74.00000,3.00000,FEVZİOĞLU,6866624.00000,13101.00000,2297.00000,"38030"
81.00000,4.00000,İLDEM CUMHURİYET,1082296.00000,4504.00000,23348.00000,"38180"
260.00000,3.00000,HASANCI,16153769.00000,24304.00000,205.00000,"38095"
262.00000,3.00000,HIRKAKÖY,83441573.00000,55520.00000,629.00000,"38090"
264.00000,3.00000,ESKİÖMERLER,42743155.00000,40522.00000,279.00000,"38090"
265.00000,3.00000,YEMLİHA,90942235.00000,61677.00000,4372.00000,"38090"
157.00000,4.00000,FATİH,4379320.00000,10941.00000,5187.00000,"38165"
515.00000,6.00000,TAÇIN,41935263.00000,41820.00000,256.00000,"38600"
160.00000,4.00000,ŞİRİNTEPE,2068566.00000,6850.00000,21124.00000,"38165"
164.00000,1.00000,ORTA,50004.00000,1474.00000,161.00000,"38310"
166.00000,4.00000,OSMAN KAVUNCU,1976675.00000,9601.00000,9089.00000,"38130"
167.00000,4.00000,OSMANLI,1079776.00000,6096.00000,16379.00000,"38150"
169.00000,2.00000,ÖRENŞEHİR,12433356.00000,16606.00000,2184.00000,"38560"
139.00000,4.00000,KÖŞK,4818863.00000,10311.00000,23510.00000,"38140"
140.00000,5.00000,KURUKÖPRÜ,29749214.00000,32195.00000,1596.00000,"38300"
141.00000,5.00000,ÇATAKDERE,11539246.00000,19583.00000,604.00000,"38300"
142.00000,3.00000,AKİN,23035323.00000,26587.00000,466.00000,"38055"
143.00000,3.00000,BOYACI,27858756.00000,27249.00000,263.00000,"38055"
144.00000,3.00000,KUŞÇU,22006425.00000,29616.00000,505.00000,"38055"
782.00000,15.00000,YÜZEVLER,672477.00000,5850.00000,278.00000,"38400"
110.00000,3.00000,HOCA AHMET YESEVİ,1166801.00000,4452.00000,10044.00000,"38040"
112.00000,1.00000,HÜRMETCİ,8318189.00000,14268.00000,164.00000,"38315"
113.00000,4.00000,HÜRRİYET,864230.00000,3867.00000,13913.00000,"38120"
809.00000,11.00000,DERBENTBAŞI,31174680.00000,28342.00000,334.00000,"38800"
90.00000,2.00000,GÖNENKENT,550547.00000,3658.00000,1556.00000,"38560"
419.00000,5.00000,KOÇCAĞIZ,36870748.00000,31428.00000,459.00000,"38300"
117.00000,2.00000,KARAKOYUNLU,23125791.00000,26845.00000,2010.00000,"38560"
118.00000,2.00000,KARAMUSTAFAPAŞA,5776666.00000,16143.00000,2275.00000,"38560"
121.00000,4.00000,KAZIMKARABEKİR,4795305.00000,9935.00000,12913.00000,"38130"
123.00000,5.00000,KEPEZ,33827329.00000,36125.00000,2469.00000,"38300"
124.00000,4.00000,KEYKUBAT,1172136.00000,5043.00000,17277.00000,"38170"
125.00000,4.00000,KILIÇASLAN,435022.00000,2666.00000,8240.00000,"38140"
132.00000,2.00000,KIZILÖREN ÖTEBATAN,12691883.00000,17647.00000,534.00000,"38560"
135.00000,5.00000,KİÇİKÖY,1006426.00000,3907.00000,5828.00000,"38280"
205.00000,2.00000,VALİ İHSAN ARAS,447815.00000,2783.00000,2484.00000,"38560"
206.00000,2.00000,YARIM,83834.00000,1343.00000,262.00000,"38560"
208.00000,3.00000,YAVUZ SELİM,894598.00000,4846.00000,3213.00000,"38080"
209.00000,3.00000,YAZIR,10647711.00000,18323.00000,515.00000,"38055"
210.00000,5.00000,YAZYURDU,15545007.00000,24773.00000,559.00000,"38300"
211.00000,1.00000,YEDİAĞAÇ,19423801.00000,33842.00000,639.00000,"38310"
230.00000,3.00000,ZÜMRÜT,2183208.00000,6423.00000,12142.00000,"38040"
231.00000,4.00000,19 MAYIS,1063773.00000,4851.00000,11972.00000,"38170"
232.00000,4.00000,30 AĞUSTOS,659448.00000,3252.00000,8007.00000,"38170"
111.00000,4.00000,HUNAT,834806.00000,3964.00000,3107.00000,"38140"
485.00000,15.00000,ŞIHLI,69379575.00000,46890.00000,478.00000,"38400"
195.00000,4.00000,TACETTİNVELİ,1077047.00000,4709.00000,5785.00000,"38150"
507.00000,6.00000,YÜNÖREN,39076909.00000,30048.00000,424.00000,"38600"
517.00000,6.00000,ELBAŞI,76427483.00000,49088.00000,687.00000,"38600"
185.00000,3.00000,SEYRANİ,508496.00000,3310.00000,4454.00000,"38040"
798.00000,6.00000,CUMHURİYET,784713.00000,4762.00000,1311.00000,"38600"
187.00000,2.00000,SÜKSÜN CUMHURİYET,14906050.00000,23788.00000,500.00000,"38560"
188.00000,2.00000,SÜKSÜN HÜRRİYET,15574270.00000,20531.00000,209.00000,"38560"
189.00000,2.00000,SÜKSÜN ZAFER,25120285.00000,24737.00000,1798.00000,"38560"
194.00000,5.00000,TABLAKAYA,4980949.00000,14708.00000,2707.00000,"38280"
801.00000,9.00000,YUKARI,10657251.00000,18978.00000,312.00000,"38830"
495.00000,6.00000,KAHVECİ,24968667.00000,24975.00000,264.00000,"38600"
518.00000,6.00000,KOYUNABDAL,61735843.00000,49962.00000,600.00000,"38600"
296.00000,14.00000,SİLAHTAR,29972715.00000,32877.00000,158.00000,"38750"
65.00000,3.00000,VATAN,13186207.00000,18053.00000,182.00000,"38095"
148.00000,3.00000,MAHZEMİN,56780920.00000,46675.00000,1710.00000,"38090"
70.00000,4.00000,ESENTEPE,4057763.00000,9455.00000,18701.00000,"38130"
3.00000,5.00000,AKÇAKAYA,8507261.00000,18434.00000,509.00000,"38300"
119.00000,1.00000,KARPUZSEKİSİ,34031156.00000,35662.00000,828.00000,"38315"
216.00000,5.00000,YENİDOĞAN,3489028.00000,8265.00000,26372.00000,"38280"
721.00000,10.00000,HÜRRİYET,2718649.00000,8861.00000,2427.00000,"38700"
831.00000,14.00000,BÜYÜKTORAMAN HÜRRİYET,12971864.00000,24767.00000,477.00000,
172.00000,3.00000,SAHABİYE,1114150.00000,4223.00000,14790.00000,"38015"
173.00000,1.00000,SAKARÇİFTLİĞİ,21648472.00000,28566.00000,363.00000,"38315"
175.00000,3.00000,SANAYİ,1644642.00000,7500.00000,1091.00000,"38010"
176.00000,3.00000,SANCAKTEPE,2369481.00000,6602.00000,8537.00000,"38040"
178.00000,2.00000,SARAYCIK,20568615.00000,20020.00000,2394.00000,"38560"
179.00000,2.00000,SARIKÜRKLÜ,14044177.00000,22444.00000,221.00000,"38560"
180.00000,4.00000,SELÇUKLU,1341372.00000,6016.00000,20018.00000,"38150"
181.00000,4.00000,SELİMİYE,581776.00000,3071.00000,8409.00000,"38170"
177.00000,3.00000,SARAY BOSNA,1731850.00000,6128.00000,1512.00000,"38040"
199.00000,4.00000,TINAZTEPE,1398023.00000,5532.00000,11733.00000,"38170"
201.00000,4.00000,KÜÇÜK BÜRÜNGÜZ,15236696.00000,27149.00000,366.00000,"38195"
202.00000,4.00000,SUBAŞI,18755922.00000,21939.00000,267.00000,"38195"
203.00000,3.00000,TURGUT REİS,981726.00000,4745.00000,14196.00000,"38060"
212.00000,1.00000,YENİ,708918.00000,3501.00000,1570.00000,"38310"
214.00000,3.00000,SÜMER YENİ,1399108.00000,4900.00000,13498.00000,"38040"
215.00000,2.00000,YENİ CAMİİ,2428524.00000,8366.00000,219.00000,"38560"
204.00000,3.00000,UĞUREVLER,2057221.00000,6619.00000,12394.00000,"38020"
50.00000,5.00000,REŞADİYE,14689082.00000,24799.00000,1596.00000,"38300"
228.00000,5.00000,ZİNCİDERE,17020969.00000,23977.00000,595.00000,"38300"
355.00000,16.00000,KAPUZBAŞI,65503278.00000,51532.00000,617.00000,"38500"
356.00000,16.00000,ULUPINAR,244923754.00000,70905.00000,552.00000,"38500"
357.00000,16.00000,YEŞİLKÖY,41172836.00000,29810.00000,405.00000,"38500"
358.00000,8.00000,MURATBEYLİ,18484035.00000,22865.00000,184.00000,"38820"
359.00000,8.00000,KEKLİKOĞLU,11562908.00000,24992.00000,99.00000,"38820"
360.00000,8.00000,SOFUMAHMUT,11519417.00000,19629.00000,184.00000,"38820"
361.00000,8.00000,YILDIRIM,36323500.00000,34408.00000,252.00000,"38820"
299.00000,14.00000,ALPARSLAN,27815855.00000,30016.00000,126.00000,"38750"
363.00000,8.00000,PALAS,80621868.00000,55134.00000,2990.00000,"38820"
364.00000,16.00000,DENİZOVASI,22232874.00000,23488.00000,29.00000,"38500"
365.00000,16.00000,SÜLEYMANFAKILI,31911872.00000,33413.00000,82.00000,"38500"
366.00000,16.00000,TAŞHAN,54388439.00000,39033.00000,584.00000,"38500"
371.00000,8.00000,ALAMETTİN,69896846.00000,51199.00000,467.00000,"38820"
373.00000,9.00000,ALEVKIŞLA,7535605.00000,15480.00000,156.00000,"38830"
444.00000,6.00000,SULTANHANI,20649169.00000,23985.00000,285.00000,"38600"
217.00000,3.00000,YENİDOĞAN,2706243.00000,7635.00000,11441.00000,"38060"
218.00000,4.00000,YENİKÖY,1640116.00000,6022.00000,17166.00000,"38120"
667.00000,10.00000,BÜYÜKGÜRLEĞEN,13022431.00000,23673.00000,132.00000,"38700"
220.00000,3.00000,YENİŞEHİR,945555.00000,4044.00000,10781.00000,"38060"
222.00000,4.00000,YEŞİLYURT,21634713.00000,27911.00000,14097.00000,"38190"
535.00000,10.00000,ÇUKURYURT,37298955.00000,33896.00000,48.00000,"38700"
558.00000,13.00000,HACIPAŞA,25620295.00000,26060.00000,125.00000,"38900"
223.00000,4.00000,YILDIRIM BEYAZIT,4439216.00000,9274.00000,25472.00000,"38140"
848.00000,16.00000,ÇAĞLAYAN,40479205.00000,34902.00000,351.00000,
578.00000,10.00000,ALAMESCİT,10684116.00000,23904.00000,34.00000,"38700"
227.00000,3.00000,YUNUS EMRE,2065141.00000,6729.00000,17940.00000,"38060"
229.00000,3.00000,ZİYAGÖKALP,1026787.00000,4277.00000,14326.00000,"38060"
79.00000,4.00000,BAĞPINAR,10148588.00000,18125.00000,290.00000,"38190"
80.00000,4.00000,GESİ,12784351.00000,17737.00000,2080.00000,"38190"
192.00000,3.00000,ŞEKER,10897746.00000,20394.00000,7891.00000,"38070"
332.00000,16.00000,KOCAHACILI,21835395.00000,27261.00000,568.00000,"38500"
286.00000,2.00000,ŞEYHŞABAN,107069040.00000,65726.00000,286.00000,"38560"
261.00000,3.00000,MOLLAHACI,25026264.00000,31403.00000,218.00000,"38095"
617.00000,13.00000,AKMEZAR,14068582.00000,20281.00000,88.00000,"38900"
198.00000,4.00000,TAVLUSUN,11945110.00000,20079.00000,5970.00000,"38165"
225.00000,5.00000,YUKARI,3296102.00000,10247.00000,1122.00000,"38280"
165.00000,3.00000,ORUÇREİS,3361226.00000,8534.00000,2819.00000,"38060"
161.00000,3.00000,MİTHATPAŞA,3907310.00000,9437.00000,16192.00000,"38060"
253.00000,3.00000,YÜREĞİL,14969638.00000,21520.00000,377.00000,"38095"
280.00000,4.00000,AĞIRNAS,57603746.00000,51149.00000,2633.00000,"38195"
270.00000,3.00000,BAYRAMHACI,55700944.00000,37280.00000,238.00000,"38090"
300.00000,14.00000,CUMHURİYET,59321610.00000,48650.00000,521.00000,"38750"
226.00000,1.00000,YUKARI,27531890.00000,45885.00000,1512.00000,"38310"
388.00000,16.00000,GAZİBEYLİ,1789004.00000,8284.00000,3254.00000,"38500"
128.00000,2.00000,KIZILÖREN AŞAĞI,69157457.00000,44001.00000,992.00000,"38560"
158.00000,4.00000,MİMARSİNAN,30558578.00000,28330.00000,4222.00000,"38165"
154.00000,4.00000,BAHÇELİEVLER,5295423.00000,11859.00000,23012.00000,"38165"
36.00000,3.00000,CIRGALAN,15735482.00000,20094.00000,3679.00000,"38030"
249.00000,3.00000,YAKUT,1800368.00000,5519.00000,15879.00000,"38040"
251.00000,3.00000,DORUKLU,18726682.00000,27183.00000,236.00000,"38095"
254.00000,3.00000,EYİM,22724057.00000,28481.00000,270.00000,"38095"
275.00000,3.00000,HİMMETDEDE,46402996.00000,59336.00000,234.00000,"38090"
258.00000,3.00000,OBRUK,19921862.00000,23153.00000,197.00000,"38095"
259.00000,3.00000,HÖBEK,27274379.00000,32984.00000,146.00000,"38095"
279.00000,3.00000,YUKARIHASİNLİ,25276914.00000,38593.00000,144.00000,"38090"
281.00000,4.00000,SARIMSAKLI,8702048.00000,19347.00000,291.00000,"38195"
282.00000,14.00000,KURUHÜYÜK,33023587.00000,37936.00000,255.00000,"38750"
283.00000,14.00000,DARILI,19177328.00000,31134.00000,124.00000,"38750"
289.00000,2.00000,ÜÇKUYU,37168432.00000,35293.00000,407.00000,"38560"
287.00000,14.00000,KEPİÇ,19022530.00000,28709.00000,202.00000,"38750"
221.00000,3.00000,YEŞİL,7730959.00000,15558.00000,4819.00000,"38040"
63.00000,3.00000,TAŞHAN,22085690.00000,40697.00000,323.00000,"38055"
294.00000,14.00000,BEYLER,7626455.00000,13809.00000,228.00000,"38750"
295.00000,14.00000,YENİ,18772577.00000,19736.00000,323.00000,"38750"
343.00000,16.00000,AVLAĞA,11426890.00000,14864.00000,331.00000,"38500"
297.00000,14.00000,ACIRLI,31288825.00000,31484.00000,180.00000,"38750"
298.00000,14.00000,MENTEŞE,30401173.00000,34987.00000,63.00000,"38750"
303.00000,2.00000,KARAHÜYÜK,23567010.00000,22954.00000,166.00000,"38560"
302.00000,2.00000,HAMURCU,35900681.00000,36681.00000,793.00000,"38560"
305.00000,2.00000,KÜLLÜ,20567439.00000,22573.00000,423.00000,"38560"
277.00000,3.00000,ELMALI,27628165.00000,35995.00000,182.00000,"38090"
307.00000,7.00000,KAVAKLI,18994296.00000,20836.00000,175.00000,"38770"
308.00000,7.00000,TAŞLIK,30999419.00000,31742.00000,141.00000,"38770"
309.00000,7.00000,KÜPELİ,61234979.00000,40674.00000,555.00000,"38770"
311.00000,7.00000,YENİ,3360954.00000,9059.00000,310.00000,"38770"
313.00000,7.00000,KERMELİK,29893574.00000,30535.00000,350.00000,"38770"
314.00000,7.00000,CUMHURİYET,5290770.00000,11569.00000,405.00000,"38770"
317.00000,7.00000,AŞAĞI BOĞAZİÇİ,13342813.00000,18114.00000,411.00000,"38770"
318.00000,8.00000,KIZILPINAR,10239998.00000,20348.00000,70.00000,"38820"
319.00000,8.00000,KARPINAR,16745101.00000,24575.00000,89.00000,"38820"
320.00000,8.00000,KALEKÖY,12362147.00000,24008.00000,103.00000,"38820"
321.00000,8.00000,İĞDELİ,11195850.00000,24176.00000,90.00000,"38820"
322.00000,7.00000,KALE,188345.00000,2072.00000,363.00000,"38770"
830.00000,9.00000,MANAVUZ,14310590.00000,19848.00000,171.00000,
776.00000,15.00000,AŞIK SEYRANİ,57578188.00000,38549.00000,4634.00000,"38400"
326.00000,8.00000,YERLİKUYU,12206964.00000,25732.00000,120.00000,"38820"
327.00000,8.00000,KADILI,5723230.00000,12646.00000,85.00000,"38820"
328.00000,8.00000,EBÜLHAYIR,12905477.00000,19466.00000,326.00000,"38820"
329.00000,16.00000,DEREBAĞ,69628532.00000,45153.00000,953.00000,"38500"
330.00000,16.00000,KİRAZLI,32225213.00000,33303.00000,726.00000,"38500"
331.00000,16.00000,KOPÇU,24047998.00000,21838.00000,567.00000,"38500"
796.00000,14.00000,KALE,8877429.00000,18711.00000,433.00000,"38750"
252.00000,3.00000,SARAYCIK,19123927.00000,21552.00000,449.00000,"38090"
276.00000,3.00000,DÜVER,50116668.00000,55090.00000,530.00000,"38090"
333.00000,16.00000,AĞCAŞAR,24370605.00000,27655.00000,163.00000,"38500"
334.00000,8.00000,YAHYALI,22526610.00000,28015.00000,126.00000,"38820"
285.00000,14.00000,İSABEY,30699034.00000,37666.00000,349.00000,"38750"
337.00000,16.00000,KUZOLUK,19540178.00000,22509.00000,45.00000,"38500"
338.00000,8.00000,BURUNÖREN,15786690.00000,21016.00000,109.00000,"38820"
339.00000,16.00000,SAZAK,22849400.00000,22720.00000,118.00000,"38500"
340.00000,16.00000,DİKME,17836597.00000,21908.00000,270.00000,"38500"
341.00000,16.00000,KARAKÖY,86120974.00000,45108.00000,892.00000,"38500"
342.00000,16.00000,DELİALİUŞAĞI,44560916.00000,34941.00000,689.00000,"38500"
344.00000,8.00000,ÜZERLİK,26934040.00000,37741.00000,382.00000,"38820"
345.00000,8.00000,GÜZELYAZI,28321791.00000,27379.00000,1225.00000,"38820"
350.00000,8.00000,TATILI,41208795.00000,37306.00000,506.00000,"38820"
336.00000,16.00000,FETULLAH,7357985.00000,13664.00000,741.00000,"38500"
346.00000,16.00000,BALCIÇAKIRI,52589327.00000,35235.00000,803.00000,"38500"
683.00000,10.00000,İĞDELİPAYASLI,16962200.00000,24746.00000,89.00000,"38700"
805.00000,10.00000,GÜNEY,1093098.00000,5299.00000,750.00000,"38700"
847.00000,8.00000,HÜRRİYET,14044569.00000,19403.00000,1224.00000,
54.00000,3.00000,CAMİKEBİR,3781189.00000,11176.00000,7512.00000,"38050"
348.00000,16.00000,ÇUBUKHARMANI,71802601.00000,39749.00000,360.00000,"38500"
351.00000,8.00000,ÇİFTLİK,49153717.00000,45877.00000,1226.00000,"38820"
352.00000,8.00000,DÜZENCİK,11558599.00000,18970.00000,115.00000,"38820"
353.00000,16.00000,BURHANİYE,49775934.00000,35593.00000,96.00000,"38500"
354.00000,16.00000,BÜYÜKÇAKIR,124180522.00000,72341.00000,1368.00000,"38500"
368.00000,8.00000,ÖMERHACILI,19772057.00000,20235.00000,205.00000,"38820"
370.00000,8.00000,GAZİLER,48285499.00000,40287.00000,330.00000,"38820"
378.00000,9.00000,YENİ,6415638.00000,19076.00000,644.00000,"38830"
379.00000,16.00000,MUSTAFABEYLİ,11537196.00000,20550.00000,454.00000,"38500"
567.00000,13.00000,BEKTAŞ,10832853.00000,16563.00000,31.00000,"38900"
407.00000,11.00000,ARAPLI,34357223.00000,27934.00000,143.00000,"38800"
377.00000,9.00000,ŞEN,12098672.00000,18443.00000,266.00000,"38830"
382.00000,16.00000,100.YIL,2218469.00000,8312.00000,3358.00000,"38500"
384.00000,16.00000,ÇİĞİLLİ,24317467.00000,27680.00000,2391.00000,"38500"
386.00000,16.00000,SEYDİLİ,877569.00000,4157.00000,4976.00000,"38500"
387.00000,9.00000,GANİŞEYH,59076817.00000,56022.00000,447.00000,"38830"
397.00000,11.00000,MUSAHACILI,32636014.00000,23968.00000,894.00000,"38800"
393.00000,9.00000,KULULU,44799411.00000,62754.00000,534.00000,"38830"
394.00000,16.00000,CAMİKEBİR,61144.00000,1232.00000,346.00000,"38500"
399.00000,9.00000,GÖMÜRGEN YENİ,64082021.00000,64449.00000,540.00000,"38830"
401.00000,11.00000,OVAÇİFTLİK,16478250.00000,18831.00000,364.00000,"38800"
403.00000,11.00000,KAYADİBİ,16864642.00000,21510.00000,858.00000,"38800"
390.00000,9.00000,GİRİNCİ,29611978.00000,24716.00000,216.00000,"38830"
400.00000,11.00000,YEŞİLOVA,27026987.00000,25566.00000,331.00000,"38800"
411.00000,5.00000,SOSUN,11787458.00000,20893.00000,179.00000,"38300"
414.00000,11.00000,SOĞANLI,24330691.00000,35350.00000,304.00000,"38800"
415.00000,11.00000,GÜZELÖZ,49173754.00000,46077.00000,314.00000,"38800"
416.00000,5.00000,ARDIÇ,10676941.00000,23584.00000,123.00000,"38300"
417.00000,5.00000,SAKALTUTAN,16400045.00000,27593.00000,429.00000,"38300"
418.00000,5.00000,KAMBER,27617986.00000,33842.00000,456.00000,"38300"
422.00000,11.00000,KEŞLİK,38268139.00000,32269.00000,67.00000,"38800"
423.00000,5.00000,ALAYBEYLİ,24649947.00000,32605.00000,555.00000,"38300"
425.00000,11.00000,GÜLBAYIR,48890006.00000,34779.00000,365.00000,"38800"
430.00000,15.00000,KALEKÖY,59901422.00000,45057.00000,169.00000,"38400"
395.00000,16.00000,MADAZI,319531.00000,2926.00000,235.00000,"38500"
402.00000,11.00000,KOVALI,24988797.00000,26310.00000,727.00000,"38800"
406.00000,11.00000,BÜGET,12154645.00000,23242.00000,103.00000,"38800"
409.00000,5.00000,ÖRENCİK,13524133.00000,23730.00000,293.00000,"38300"
410.00000,5.00000,YAMAÇLI,12216487.00000,28757.00000,335.00000,"38300"
412.00000,5.00000,SÜLEYMANLI,21873210.00000,41140.00000,530.00000,"38300"
413.00000,11.00000,AKKÖY,22646022.00000,38468.00000,55.00000,"38800"
421.00000,11.00000,KAVAK,20744132.00000,31205.00000,253.00000,"38800"
778.00000,15.00000,CAMİİCEDİT,237039.00000,2122.00000,2716.00000,"38400"
369.00000,8.00000,KARAÖZÜ,29961184.00000,34828.00000,660.00000,"38820"
375.00000,9.00000,GÜMÜŞSU,8581066.00000,15548.00000,129.00000,"38830"
389.00000,9.00000,ORTAKÖY,43641787.00000,31537.00000,667.00000,"38830"
428.00000,15.00000,HAVADAN,61206212.00000,37122.00000,204.00000,"38400"
431.00000,6.00000,YAĞMURBEY,11476939.00000,16696.00000,73.00000,"38600"
372.00000,16.00000,YERKÖY,14882077.00000,20957.00000,542.00000,"38500"
374.00000,16.00000,İLYASLI,10346007.00000,18288.00000,595.00000,"38500"
376.00000,16.00000,YULARI,6477711.00000,12413.00000,199.00000,"38500"
381.00000,9.00000,UĞURLU,3405297.00000,12330.00000,118.00000,"38830"
10.00000,4.00000,ANBAR,28719596.00000,27751.00000,4419.00000,"38170"
632.00000,12.00000,ÇAVDAR,59753177.00000,40441.00000,224.00000,"38660"
481.00000,15.00000,KOZLUCA,18218661.00000,20815.00000,12.00000,"38400"
482.00000,15.00000,ÖKSÜT,41163547.00000,29919.00000,559.00000,"38400"
486.00000,15.00000,YAZIBAŞI,23085338.00000,27368.00000,263.00000,"38400"
487.00000,15.00000,EPÇE,40575947.00000,34671.00000,597.00000,"38400"
489.00000,15.00000,YENİHAYAT,30686154.00000,27593.00000,107.00000,"38400"
490.00000,15.00000,SOYSALLI,26949709.00000,31445.00000,1153.00000,"38400"
491.00000,15.00000,KIZIK,27961003.00000,27922.00000,400.00000,"38400"
496.00000,15.00000,AYVAZHACI,23229846.00000,33137.00000,508.00000,"38400"
493.00000,15.00000,ÇAYIRÖZÜ,51980874.00000,30002.00000,617.00000,"38400"
498.00000,6.00000,ASMAKAYA,13184145.00000,19052.00000,23.00000,"38600"
501.00000,15.00000,KARACAÖREN,18038757.00000,18155.00000,453.00000,"38400"
502.00000,6.00000,AKMESCİT,27109435.00000,33182.00000,1339.00000,"38600"
460.00000,6.00000,DOĞANLAR,18055736.00000,26702.00000,111.00000,"38600"
504.00000,6.00000,KARATAY,39796038.00000,36817.00000,585.00000,"38600"
506.00000,15.00000,GÖMEDİ,13441037.00000,23415.00000,80.00000,"38400"
508.00000,6.00000,SAMAĞIR,43233056.00000,37533.00000,213.00000,"38600"
509.00000,6.00000,KÖPRÜBAŞI,61045949.00000,54881.00000,565.00000,"38600"
510.00000,6.00000,GİRVELİ,18737525.00000,25803.00000,96.00000,"38600"
511.00000,6.00000,EKİNCİLER,23971658.00000,29182.00000,401.00000,"38600"
408.00000,5.00000,ÇÖMLEKÇİ,20499671.00000,28996.00000,671.00000,"38300"
385.00000,16.00000,KAVACIK,12468984.00000,19678.00000,731.00000,"38500"
512.00000,6.00000,AĞCALI,18316152.00000,33405.00000,255.00000,"38600"
513.00000,6.00000,AKÇATI,20380034.00000,28303.00000,245.00000,"38600"
514.00000,6.00000,SIVGIN,31665526.00000,46855.00000,219.00000,"38600"
497.00000,15.00000,MİLLİDERE,10262589.00000,21799.00000,172.00000,"38400"
516.00000,6.00000,EMİRÖREN,15496006.00000,23083.00000,107.00000,"38600"
795.00000,15.00000,ŞHT.ÜSTĞM.HASAN ŞAHAN,1579023.00000,5568.00000,2538.00000,"38400"
520.00000,10.00000,METHİYE,83453925.00000,45838.00000,121.00000,"38700"
521.00000,15.00000,KOPÇULLU,6230769.00000,16272.00000,83.00000,"38400"
523.00000,10.00000,KAZANCIK,82065537.00000,46778.00000,76.00000,"38700"
524.00000,13.00000,KUŞCAĞIZ,12755073.00000,24101.00000,116.00000,"38900"
525.00000,10.00000,HAYRİYE,29406888.00000,30554.00000,47.00000,"38700"
526.00000,13.00000,EKİNLİ,11457755.00000,22068.00000,111.00000,"38900"
527.00000,13.00000,İNCİLİ,28184315.00000,36456.00000,474.00000,"38900"
442.00000,15.00000,DEREBAŞI,30065409.00000,26976.00000,144.00000,"38400"
447.00000,15.00000,KÖSELER,44687077.00000,49207.00000,548.00000,"38400"
448.00000,15.00000,DEREŞİMLİ,13556235.00000,18292.00000,102.00000,"38400"
455.00000,15.00000,TAŞCI BUCAK MERKEZİ,13437021.00000,22323.00000,180.00000,"38400"
456.00000,15.00000,KILIÇKAYA,27356780.00000,26118.00000,256.00000,"38400"
462.00000,15.00000,YENİCE,26505925.00000,35803.00000,298.00000,"38400"
463.00000,15.00000,HÜSEYİNLİ,38440630.00000,44204.00000,267.00000,"38400"
464.00000,15.00000,ŞAHMELİK,67955668.00000,48589.00000,678.00000,"38400"
433.00000,15.00000,YENİKÖY,34836186.00000,43711.00000,390.00000,"38400"
434.00000,15.00000,HOŞÇA,23978102.00000,23007.00000,105.00000,"38400"
439.00000,15.00000,KÜÇÜKKÜNYE,62306286.00000,38737.00000,431.00000,"38400"
441.00000,15.00000,SARIKAYA,25533608.00000,26666.00000,378.00000,"38400"
438.00000,15.00000,YAYLACIK,50500975.00000,40361.00000,311.00000,"38400"
457.00000,15.00000,ÇUKURYURT,19426119.00000,29730.00000,63.00000,"38400"
823.00000,9.00000,GÖMÜRGEN,14080856.00000,27017.00000,484.00000,"38830"
449.00000,6.00000,İĞDECİK,24208708.00000,30600.00000,317.00000,"38600"
436.00000,6.00000,KARDEŞLER,9747640.00000,16201.00000,150.00000,"38600"
437.00000,6.00000,BURHANİYE,10382692.00000,19798.00000,231.00000,"38600"
440.00000,15.00000,BÜYÜKKÜNYE,12566968.00000,16954.00000,298.00000,"38400"
443.00000,15.00000,ÇADIRYERİ,15220464.00000,19444.00000,72.00000,"38400"
445.00000,15.00000,SARAYCIK,20366778.00000,23727.00000,179.00000,"38400"
450.00000,15.00000,ÇATALOLUK,41405612.00000,45488.00000,349.00000,"38400"
454.00000,6.00000,GERGEME,32577026.00000,30564.00000,938.00000,"38600"
446.00000,6.00000,KARACAÖREN,22241900.00000,25905.00000,158.00000,"38600"
461.00000,15.00000,AYŞEPINAR,45587620.00000,35021.00000,474.00000,"38400"
451.00000,6.00000,MUSAŞEYH,14430027.00000,19783.00000,49.00000,"38600"
494.00000,6.00000,KÖSEHACILI,11781482.00000,19279.00000,69.00000,"38600"
476.00000,6.00000,SAĞLIK,27275032.00000,27857.00000,1129.00000,"38600"
435.00000,6.00000,BÜYÜKTUZHİSAR,64537642.00000,45289.00000,1202.00000,"38600"
426.00000,11.00000,KALE,24885870.00000,25765.00000,55.00000,"38800"
452.00000,15.00000,EŞELİK,16139325.00000,18671.00000,164.00000,"38400"
802.00000,9.00000,YEŞİL,74732726.00000,46630.00000,305.00000,"38830"
465.00000,15.00000,ÇÖTEN,30965640.00000,36385.00000,528.00000,"38400"
466.00000,15.00000,ÇAYLICA,25380594.00000,34478.00000,642.00000,"38400"
672.00000,12.00000,YAYLACI,21470866.00000,30265.00000,380.00000,"38660"
468.00000,6.00000,CAMİİCEDİT,24704628.00000,33505.00000,262.00000,"38600"
685.00000,10.00000,YARIMTEPE,9364473.00000,23819.00000,144.00000,"38700"
469.00000,6.00000,DERVİŞAĞA,100592.00000,1991.00000,329.00000,"38600"
470.00000,15.00000,KABAKLI,18991636.00000,29356.00000,404.00000,"38400"
471.00000,15.00000,İNCESU,33149120.00000,41363.00000,731.00000,"38400"
472.00000,6.00000,YENİCE,203381.00000,2396.00000,118.00000,"38600"
473.00000,6.00000,BAYRAMLI,130501.00000,1910.00000,355.00000,"38600"
424.00000,11.00000,ERDEMLİ,34088959.00000,29905.00000,192.00000,"38800"
405.00000,11.00000,DOĞANLI,31567890.00000,29274.00000,284.00000,"38800"
477.00000,6.00000,YAVUZ SELİM,42906772.00000,38308.00000,633.00000,"38600"
479.00000,15.00000,ÇOMAKLI,52875827.00000,33088.00000,706.00000,"38400"
532.00000,10.00000,BESEREK,43219179.00000,46540.00000,120.00000,"38700"
549.00000,10.00000,ÖRENŞEHİR BUCAK MERKEZİ,57257791.00000,52356.00000,107.00000,"38700"
565.00000,13.00000,SÖĞÜTLÜ,32243987.00000,28322.00000,53.00000,"38900"
568.00000,13.00000,BÖKE,30129512.00000,29484.00000,138.00000,"38900"
570.00000,10.00000,ŞEREFİYE,31462422.00000,29545.00000,55.00000,"38700"
572.00000,13.00000,SÜVEGENLER,24925066.00000,21213.00000,163.00000,"38900"
579.00000,10.00000,YUKARIKIZILÇEVLİK,28520678.00000,34301.00000,38.00000,"38700"
580.00000,10.00000,AŞAĞIKIZILÇEVLİK,29667432.00000,29228.00000,56.00000,"38700"
582.00000,10.00000,AŞAĞIBORANDERE,21081904.00000,31779.00000,110.00000,"38700"
586.00000,10.00000,HALİTBEYÖREN,30279295.00000,27932.00000,107.00000,"38700"
589.00000,10.00000,TERSAKAN,48946837.00000,31654.00000,70.00000,"38700"
590.00000,10.00000,İNLİÖREN,50720867.00000,39393.00000,93.00000,"38700"
670.00000,10.00000,KARAHACILI,11934392.00000,24221.00000,126.00000,"38700"
548.00000,10.00000,KURBAĞALIK,28649931.00000,32927.00000,76.00000,"38700"
585.00000,10.00000,KIRKGEÇİT,56060812.00000,47814.00000,122.00000,"38700"
591.00000,10.00000,SÖĞÜTLÜ,20296277.00000,22668.00000,51.00000,"38700"
598.00000,10.00000,AŞAĞIKARAGÖZ,12175778.00000,27019.00000,124.00000,"38700"
607.00000,10.00000,AYGÖRMEZ,11329047.00000,21941.00000,60.00000,"38700"
610.00000,13.00000,KÖMÜR,12785822.00000,22596.00000,155.00000,"38900"
612.00000,10.00000,TÖZGÜN,12944777.00000,26026.00000,225.00000,"38700"
613.00000,10.00000,HASSA,12931989.00000,20898.00000,113.00000,"38700"
615.00000,13.00000,KEVENAĞIL,14775257.00000,20845.00000,31.00000,"38900"
635.00000,12.00000,AKOLUK,13073643.00000,17440.00000,20.00000,"38660"
638.00000,10.00000,KIZILHAN,10308243.00000,22426.00000,136.00000,"38700"
569.00000,13.00000,ŞIHBARAK,27215861.00000,31375.00000,559.00000,"38900"
688.00000,10.00000,TOYBUK,10165711.00000,23234.00000,231.00000,"38700"
694.00000,10.00000,CABE,20885229.00000,27056.00000,104.00000,"38700"
564.00000,10.00000,KARAHALKA,52725424.00000,43182.00000,36.00000,"38700"
566.00000,10.00000,KARAKUYU,95234678.00000,71256.00000,103.00000,"38700"
573.00000,10.00000,ESKİYASSIPINAR,133084193.00000,72923.00000,151.00000,"38700"
583.00000,10.00000,YUKARIBORANDERE,91134392.00000,46974.00000,646.00000,"38700"
601.00000,13.00000,CÜCÜN,26387890.00000,33725.00000,396.00000,"38900"
602.00000,10.00000,KÜÇÜKPOTUKLU,14576021.00000,20389.00000,70.00000,"38700"
605.00000,10.00000,BÜYÜKPOTUKLU,24787429.00000,34323.00000,148.00000,"38700"
609.00000,10.00000,PANLI,42992514.00000,39499.00000,135.00000,"38700"
611.00000,13.00000,YEŞİLBAĞ,9205735.00000,16684.00000,113.00000,"38900"
614.00000,13.00000,GÜZELCE,10072345.00000,21601.00000,48.00000,"38900"
618.00000,13.00000,BOSTANLIK,21729286.00000,33312.00000,118.00000,"38900"
620.00000,13.00000,TOKLAR,17448674.00000,23132.00000,202.00000,"38900"
621.00000,13.00000,ÇAYİNLİ,16541268.00000,22730.00000,159.00000,"38900"
623.00000,10.00000,FAKIEKİNCİLİĞİ,27150518.00000,33392.00000,60.00000,"38700"
624.00000,10.00000,MELİKGAZİ,11912271.00000,24101.00000,65.00000,"38700"
625.00000,13.00000,AKDERE,60967372.00000,51217.00000,928.00000,"38900"
629.00000,10.00000,YUSUFLAR,17648189.00000,27831.00000,27.00000,"38700"
631.00000,10.00000,KIZILDERE,12020879.00000,20959.00000,119.00000,"38700"
530.00000,13.00000,GÜLVEREN,19903392.00000,37123.00000,193.00000,"38900"
619.00000,13.00000,KÖPRÜBAŞI,14097632.00000,23065.00000,140.00000,"38900"
633.00000,10.00000,EMEĞİL,24259976.00000,25290.00000,118.00000,"38700"
634.00000,10.00000,BAHÇECİK,7704553.00000,15471.00000,146.00000,"38700"
636.00000,12.00000,KÜÇÜK ÖRTÜLÜ,12398566.00000,19702.00000,31.00000,"38660"
664.00000,10.00000,BÜYÜKKÖMARMUT,14742154.00000,29963.00000,133.00000,"38700"
616.00000,13.00000,SARIMEHMETLİ,14700551.00000,22155.00000,701.00000,"38900"
540.00000,13.00000,GÖKTEPE,10771737.00000,18672.00000,48.00000,"38900"
544.00000,13.00000,IŞIKLAR,34032908.00000,42809.00000,245.00000,"38900"
588.00000,10.00000,YAĞLIPINAR,37508302.00000,29674.00000,79.00000,"38700"
537.00000,13.00000,İCADİYE,21686317.00000,23540.00000,50.00000,"38900"
554.00000,10.00000,TAHTAKÖPRÜ,26745184.00000,32471.00000,48.00000,"38700"
668.00000,10.00000,KÖŞKERLİ,5021400.00000,11781.00000,21.00000,"38700"
677.00000,12.00000,KURDİNİ,536877.00000,3262.00000,52.00000,"38660"
663.00000,10.00000,ELMALI,7190374.00000,16212.00000,75.00000,"38700"
542.00000,13.00000,GÜZELSU,39801742.00000,35703.00000,115.00000,"38900"
592.00000,10.00000,DEMİRCİÖREN,27107983.00000,33510.00000,75.00000,"38700"
606.00000,10.00000,CİNLİÖREN,11814621.00000,21455.00000,48.00000,"38700"
622.00000,10.00000,AVŞARPOTUKLU,22624097.00000,26255.00000,35.00000,"38700"
628.00000,13.00000,KURTULUŞ,14627192.00000,17536.00000,2131.00000,"38900"
630.00000,10.00000,KILIÇKIŞLA,13143778.00000,26046.00000,126.00000,"38700"
534.00000,10.00000,YAHYABEY,66802590.00000,39720.00000,106.00000,"38700"
536.00000,13.00000,DADALOĞLU,39694955.00000,41298.00000,1158.00000,"38900"
538.00000,13.00000,KARAMUKLU,32364953.00000,33133.00000,72.00000,"38900"
543.00000,13.00000,ARSLANTAŞ,56017615.00000,48713.00000,197.00000,"38900"
545.00000,10.00000,KAFTANGİYEN,93107513.00000,47292.00000,80.00000,"38700"
552.00000,13.00000,TAHTAKEMER,38542851.00000,38762.00000,159.00000,"38900"
555.00000,10.00000,KAYNAR,139809183.00000,61313.00000,221.00000,"38700"
557.00000,13.00000,BÜYÜKCANLI,25626323.00000,32895.00000,184.00000,"38900"
562.00000,10.00000,UZUNPINAR,64387851.00000,39665.00000,143.00000,"38700"
563.00000,10.00000,KIRKPINAR,37441181.00000,34296.00000,36.00000,"38700"
575.00000,13.00000,DAĞYURDU,23838508.00000,22524.00000,144.00000,"38900"
531.00000,13.00000,KIZILÖREN,42953097.00000,31994.00000,183.00000,"38900"
533.00000,13.00000,AVŞARSÖĞÜTLÜ,37571797.00000,34013.00000,221.00000,"38900"
539.00000,13.00000,ÇANAKPINAR,8968616.00000,15759.00000,269.00000,"38900"
541.00000,13.00000,MELİKÖREN,15543605.00000,20055.00000,71.00000,"38900"
547.00000,10.00000,SAÇAYAĞI,52997933.00000,43026.00000,70.00000,"38700"
553.00000,10.00000,HİLMİYE,74827004.00000,52643.00000,83.00000,"38700"
556.00000,13.00000,KESİR,32722141.00000,34948.00000,194.00000,"38900"
560.00000,13.00000,CULHA,16842672.00000,27125.00000,319.00000,"38900"
561.00000,10.00000,DİKİLİTAŞ,59840930.00000,48440.00000,75.00000,"38700"
576.00000,10.00000,KAYAALTI,56145506.00000,38454.00000,146.00000,"38700"
581.00000,10.00000,ALTIKESEK,38475159.00000,35027.00000,47.00000,"38700"
584.00000,10.00000,YUKARIKARAGÖZ,46479647.00000,66144.00000,249.00000,"38700"
587.00000,10.00000,KARABOĞAZ,19475987.00000,25081.00000,93.00000,"38700"
594.00000,10.00000,AKÖREN,39563281.00000,35651.00000,79.00000,"38700"
596.00000,13.00000,ŞİRAZ,8426871.00000,16817.00000,240.00000,"38900"
599.00000,13.00000,TURANLI,16701184.00000,19515.00000,185.00000,"38900"
603.00000,13.00000,PUSATLI,64383100.00000,41707.00000,390.00000,"38900"
604.00000,13.00000,ÇUKURAĞAÇ,7049351.00000,13295.00000,52.00000,"38900"
690.00000,10.00000,YEREGEÇEN,6707182.00000,16678.00000,41.00000,"38700"
666.00000,10.00000,BÜYÜKKARAMUKLU,8165686.00000,15750.00000,100.00000,"38700"
669.00000,10.00000,KÜÇÜKKÖMARMUT,3235341.00000,13334.00000,59.00000,"38700"
671.00000,12.00000,DAYOLUK,48592649.00000,39313.00000,103.00000,"38660"
673.00000,12.00000,BAHÇELİ,4079066.00000,11188.00000,758.00000,"38660"
675.00000,10.00000,BÜYÜKKARAMANLI,11923467.00000,29625.00000,150.00000,"38700"
676.00000,10.00000,PULPINAR,6240698.00000,14965.00000,21.00000,"38700"
678.00000,10.00000,PAŞALI,13278224.00000,20543.00000,163.00000,"38700"
680.00000,10.00000,ŞABANLI,10279127.00000,17627.00000,381.00000,"38700"
681.00000,10.00000,CİNAHMET,7942637.00000,18669.00000,45.00000,"38700"
682.00000,12.00000,YEŞİLKENT,87104731.00000,50055.00000,473.00000,"38660"
684.00000,10.00000,ÇAKILKAYA,17007211.00000,24077.00000,322.00000,"38700"
686.00000,10.00000,SAÇLI,6620570.00000,21330.00000,82.00000,"38700"
687.00000,12.00000,KURUDERE,14445197.00000,18543.00000,63.00000,"38660"
691.00000,12.00000,MOLLAHÜSEYİNLER,12791499.00000,26299.00000,183.00000,"38660"
692.00000,12.00000,KEMER,21245122.00000,27865.00000,195.00000,"38660"
695.00000,12.00000,KARAYURT,16137803.00000,24515.00000,171.00000,"38660"
696.00000,12.00000,İNCEMAĞARA,13890055.00000,17825.00000,98.00000,"38660"
697.00000,10.00000,ÇAYBAŞI,11974083.00000,14964.00000,66.00000,"38700"
699.00000,10.00000,KAYABAŞI,15199273.00000,21703.00000,204.00000,"38700"
700.00000,12.00000,DARIDERE,12240604.00000,19965.00000,85.00000,"38660"
701.00000,12.00000,OĞLAKKAYA,14442375.00000,23280.00000,101.00000,"38660"
702.00000,10.00000,ÇÖRDÜKLÜ,19094841.00000,28002.00000,182.00000,"38700"
703.00000,12.00000,FETTAHDERE,20838543.00000,27538.00000,126.00000,"38660"
704.00000,12.00000,ALTISÖĞÜT,15455614.00000,20915.00000,109.00000,"38660"
705.00000,10.00000,DİLCİLER,13210108.00000,24707.00000,133.00000,"38700"
706.00000,12.00000,KÜÇÜK KABAKTEPE,32525068.00000,28338.00000,47.00000,"38660"
707.00000,12.00000,ÇÖREKDERE,35278846.00000,31891.00000,362.00000,"38660"
708.00000,12.00000,KISKAÇLI,26964025.00000,26505.00000,111.00000,"38660"
571.00000,10.00000,OLUKKAYA,64613835.00000,46451.00000,134.00000,"38700"
597.00000,13.00000,KAPUKAYA,27136312.00000,28236.00000,297.00000,"38900"
709.00000,12.00000,YEDİOLUK,14822233.00000,16435.00000,103.00000,"38660"
710.00000,12.00000,KARAPINAR,53761408.00000,36951.00000,192.00000,"38660"
711.00000,12.00000,TEKNELİ,39018923.00000,31112.00000,352.00000,"38660"
712.00000,10.00000,PAZARÖREN,36050210.00000,48551.00000,584.00000,"38700"
713.00000,10.00000,SOLAKLAR,11579735.00000,18569.00000,188.00000,"38700"
714.00000,12.00000,DAMIZLIK,76489635.00000,38633.00000,530.00000,"38660"
642.00000,12.00000,KIRKISRAK,76275445.00000,40668.00000,370.00000,"38660"
644.00000,10.00000,BÜYÜKGÜMÜŞGÜN,30754511.00000,31560.00000,215.00000,"38700"
647.00000,10.00000,GÖLCÜK,9498449.00000,14544.00000,102.00000,"38700"
824.00000,9.00000,AKİN,21734937.00000,25473.00000,451.00000,"38830"
640.00000,12.00000,KÜÇÜK SÖBEÇİMEN,26379144.00000,22315.00000,43.00000,"38660"
641.00000,10.00000,GEBELEK,24319158.00000,32947.00000,94.00000,"38700"
643.00000,12.00000,ÇAĞŞAK,47091474.00000,38465.00000,191.00000,"38660"
646.00000,10.00000,YUKARIBEYÇAYIRI,24687459.00000,25192.00000,97.00000,"38700"
649.00000,10.00000,BÜYÜKKABAKTEPE,34650582.00000,35907.00000,104.00000,"38700"
779.00000,15.00000,GAZİ,40588645.00000,33698.00000,1001.00000,"38400"
648.00000,12.00000,TAVLA,30715754.00000,37707.00000,293.00000,"38660"
651.00000,10.00000,EĞRİSÖĞÜT,19711665.00000,25181.00000,58.00000,"38700"
645.00000,10.00000,AŞAĞIBEYÇAYIRI,42291291.00000,27851.00000,59.00000,"38700"
652.00000,12.00000,KIZILPINAR,12086013.00000,25581.00000,241.00000,"38660"
653.00000,10.00000,KIZILÖREN,115580149.00000,64421.00000,165.00000,"38700"
654.00000,12.00000,GÜNESEN,9490850.00000,19132.00000,482.00000,"38660"
655.00000,10.00000,HASIRCI,7449286.00000,13519.00000,104.00000,"38700"
771.00000,16.00000,ÇAMLICA,100332665.00000,50460.00000,440.00000,"38500"
658.00000,10.00000,ARTMAK,11550786.00000,24185.00000,67.00000,"38700"
659.00000,12.00000,ÇATALPINAR,14456287.00000,20334.00000,242.00000,"38660"
660.00000,10.00000,KADILI,10066211.00000,27293.00000,119.00000,"38700"
661.00000,12.00000,ÖRDEKLİ,33739817.00000,31262.00000,63.00000,"38660"
662.00000,10.00000,GÜLTEPE,11476134.00000,17268.00000,202.00000,"38700"
715.00000,12.00000,AVŞAROBASI,41408385.00000,29066.00000,206.00000,"38660"
717.00000,12.00000,İMİRZAAĞA,16853296.00000,19437.00000,79.00000,"38660"
719.00000,12.00000,GÜMÜŞALİ,12191164.00000,19516.00000,91.00000,"38660"
736.00000,11.00000,KÖŞK,98101.00000,1408.00000,413.00000,"38800"
738.00000,11.00000,CUMHURİYET,7003863.00000,14966.00000,919.00000,"38800"
716.00000,12.00000,DALLIKAVAK,18758236.00000,22421.00000,199.00000,"38660"
739.00000,11.00000,FEVZİOĞLU,6187717.00000,16097.00000,984.00000,"38800"
741.00000,11.00000,KUZEY,298690.00000,4146.00000,264.00000,"38800"
742.00000,11.00000,CAMİKEBİR,237895.00000,3925.00000,306.00000,"38800"
744.00000,11.00000,BEYLERYUKARI,65828.00000,1277.00000,353.00000,"38800"
748.00000,11.00000,KELER,2351919.00000,12103.00000,358.00000,"38800"
832.00000,14.00000,KAYAPINAR CUMHURİYET,7337372.00000,17298.00000,424.00000,
807.00000,15.00000,DEVELİ CAMİKEBİR,62005.00000,1321.00000,104.00000,"38400"
740.00000,11.00000,YENİŞEHİR,1075231.00000,5083.00000,206.00000,"38800"
743.00000,11.00000,İDRİS,46249486.00000,37895.00000,467.00000,"38800"
746.00000,11.00000,İÇMECE,12548503.00000,17733.00000,64.00000,"38800"
665.00000,10.00000,TAŞLIOĞLU,6738373.00000,19332.00000,47.00000,"38700"
679.00000,10.00000,ARSLANBEYLİ,8264545.00000,19391.00000,282.00000,"38700"
693.00000,10.00000,KAVLAKLAR,13904505.00000,22041.00000,126.00000,"38700"
718.00000,12.00000,DEĞİRMENTAŞ,76687078.00000,56280.00000,52.00000,"38660"
722.00000,10.00000,İNÖNÜ,1394154.00000,6665.00000,414.00000,"38700"
725.00000,10.00000,UZUNYOL,61840.00000,1215.00000,122.00000,"38700"
729.00000,10.00000,ALAGAZİLİ,7698267.00000,21130.00000,123.00000,"38700"
730.00000,10.00000,ESKİTEKKE,16239557.00000,30885.00000,93.00000,"38700"
731.00000,10.00000,KURTTEPE,13055409.00000,25145.00000,107.00000,"38700"
732.00000,10.00000,KAMAN,9923427.00000,21201.00000,177.00000,"38700"
733.00000,10.00000,HAN,17343124.00000,30244.00000,91.00000,"38700"
127.00000,4.00000,KIRANARDI,28120028.00000,28781.00000,3196.00000,"38155"
724.00000,10.00000,YENİCAMİ,303577.00000,3334.00000,1087.00000,"38700"
728.00000,10.00000,GÜMÜŞGÜN,4207645.00000,12952.00000,996.00000,"38700"
734.00000,10.00000,SERİNYURT,9553747.00000,18880.00000,99.00000,"38700"
735.00000,11.00000,GÜNEY,104941.00000,1512.00000,255.00000,"38800"
737.00000,11.00000,KARACABEY,116463497.00000,49500.00000,1885.00000,"38800"
806.00000,10.00000,YENİOCAK,162635.00000,2006.00000,896.00000,"38700"
752.00000,15.00000,BAHÇEBAŞI,1132908.00000,6484.00000,1163.00000,"38400"
753.00000,15.00000,FENESEYUKARI,202305.00000,2131.00000,1373.00000,"38400"
755.00000,15.00000,İZMİRLİ,40070.00000,862.00000,167.00000,"38400"
757.00000,15.00000,YENİ,604034.00000,3123.00000,5406.00000,"38400"
759.00000,15.00000,ALPASLAN,7820363.00000,15256.00000,1810.00000,"38400"
762.00000,13.00000,YENİ,10722768.00000,15877.00000,2079.00000,"38900"
763.00000,13.00000,YAVUZSELİM,79888848.00000,46787.00000,1975.00000,"38900"
764.00000,13.00000,TATAR,8907254.00000,15657.00000,178.00000,"38900"
765.00000,13.00000,ÜÇKONAK,20103127.00000,25360.00000,257.00000,"38900"
766.00000,13.00000,EMİRUŞAĞI,44124150.00000,51925.00000,635.00000,"38900"
756.00000,15.00000,BAHÇELİEVLER,20634950.00000,27428.00000,3610.00000,"38400"
86.00000,4.00000,VEKSE,5172922.00000,13722.00000,115.00000,"38190"
304.00000,2.00000,TAHİRİNLİ,33933126.00000,38227.00000,673.00000,"38560"
698.00000,12.00000,AYRANLIK,9671534.00000,16729.00000,180.00000,"38660"
767.00000,16.00000,İSMET,45640993.00000,37359.00000,929.00000,"38500"
760.00000,15.00000,GÜNEYYUKARI,2754974.00000,9778.00000,297.00000,"38400"
769.00000,16.00000,75.YIL,31783889.00000,30365.00000,1345.00000,"38500"
794.00000,15.00000,YEDEK,27292296.00000,25702.00000,114.00000,"38400"
770.00000,16.00000,FEVZİÇAKMAK,16466600.00000,23778.00000,202.00000,"38500"
772.00000,16.00000,ÇAVDARUŞAĞI,14511721.00000,16601.00000,354.00000,"38500"
773.00000,16.00000,YENİCE,282356225.00000,122082.00000,2103.00000,"38500"
758.00000,15.00000,İBRAHİMAĞA,429443.00000,3348.00000,3367.00000,"38400"
761.00000,13.00000,CUMHURİYET,48802776.00000,36929.00000,2066.00000,"38900"
775.00000,16.00000,SENİRKÖY,12384017.00000,21590.00000,499.00000,"38500"
777.00000,15.00000,MUSTAFA ASIM KÖKSAL,61805942.00000,55196.00000,3826.00000,"38400"
837.00000,6.00000,YAKUTİYE,1525985.00000,5733.00000,7350.00000,
133.00000,2.00000,KIZILÖREN TABAKLI,21043427.00000,26230.00000,926.00000,"38560"
783.00000,15.00000,AŞAĞIEVEREK,484727.00000,3557.00000,1376.00000,"38400"
784.00000,15.00000,ABDULBAKİ,22933.00000,868.00000,106.00000,"38400"
785.00000,15.00000,E.CAMİİKEBİR,158056.00000,2123.00000,403.00000,"38400"
786.00000,15.00000,GÜNEYAŞAĞI,14828037.00000,22349.00000,779.00000,"38400"
787.00000,15.00000,YEŞİLYURT,19432574.00000,21170.00000,121.00000,"38400"
788.00000,15.00000,GÜMÜŞÖREN,50140214.00000,46108.00000,506.00000,"38400"
789.00000,15.00000,MEHMET AKİF ERSOY,5220787.00000,12770.00000,2267.00000,"38400"
790.00000,15.00000,HARMAN,1783170.00000,10741.00000,5004.00000,"38400"
791.00000,15.00000,REŞADİYE,7877611.00000,14578.00000,2348.00000,"38400"
745.00000,11.00000,MAHMUDİYE,71700051.00000,46012.00000,437.00000,"38800"
492.00000,15.00000,KULPAK,51862640.00000,34204.00000,322.00000,"38400"
774.00000,16.00000,ÇUBUKLU,28635670.00000,28923.00000,944.00000,"38500"
797.00000,6.00000,İBRAHİMBEY,294234.00000,2520.00000,114.00000,"38600"
657.00000,12.00000,KUŞÇU,6842131.00000,12547.00000,306.00000,"38660"
593.00000,10.00000,DEVEDERESİ,8882119.00000,20068.00000,19.00000,"38700"
808.00000,11.00000,BAŞKÖY,29756301.00000,37615.00000,291.00000,"38800"
529.00000,10.00000,KAVAKKÖY,28504336.00000,26994.00000,115.00000,"38700"
650.00000,12.00000,SANCAKAĞIL,9723078.00000,17168.00000,97.00000,"38660"
726.00000,10.00000,KAYAÖNÜ,12292639.00000,16359.00000,503.00000,"38700"
288.00000,2.00000,SUBAŞI,64496291.00000,39930.00000,423.00000,"38560"
845.00000,15.00000,SİNDELHÖYÜK YENİCE,38690658.00000,33940.00000,1287.00000,"38400"
751.00000,15.00000,FATİH,2026477.00000,6829.00000,1112.00000,"38400"
781.00000,15.00000,CUMHURİYET,712872.00000,4114.00000,885.00000,"38400"
200.00000,4.00000,TURAN,23778460.00000,32589.00000,1012.00000,"38195"
804.00000,7.00000,GÜNEY,4911230.00000,14022.00000,146.00000,"38770"
432.00000,6.00000,KARAHIDIR,13406737.00000,18319.00000,211.00000,"38600"
347.00000,8.00000,ŞENYURT,12745211.00000,17889.00000,522.00000,"38820"
367.00000,8.00000,ÖMÜRLÜ,10936359.00000,15278.00000,93.00000,"38820"
420.00000,5.00000,ÇEVLİK,10915689.00000,24414.00000,240.00000,"38300"
488.00000,15.00000,TOMBAK,9609163.00000,19325.00000,216.00000,"38400"
528.00000,10.00000,MALAKKÖY,59745700.00000,44870.00000,151.00000,"38700"
595.00000,13.00000,KARAÖREN,31152720.00000,29329.00000,94.00000,"38900"
546.00000,10.00000,TAŞLIGEÇİT,22341752.00000,22775.00000,27.00000,"38700"
747.00000,11.00000,FATİH,42478738.00000,37062.00000,547.00000,"38800"
803.00000,10.00000,KERİMOĞLU,1854959.00000,6563.00000,417.00000,"38700"
637.00000,12.00000,BÜYÜK ÖRTÜLÜ,16427560.00000,20156.00000,86.00000,"38660"
551.00000,13.00000,İMAMKULLU,47439072.00000,38607.00000,618.00000,"38900"
550.00000,10.00000,ÜÇPINAR,44421175.00000,34312.00000,56.00000,"38700"
559.00000,13.00000,KALE,18096664.00000,22484.00000,187.00000,"38900"
600.00000,10.00000,KILIÇMEHMET,20477545.00000,26135.00000,94.00000,"38700"
674.00000,12.00000,İNCEDERE,22661269.00000,35959.00000,300.00000,"38660"
689.00000,10.00000,ORUÇOĞLU,11270530.00000,17512.00000,40.00000,"38700"
656.00000,10.00000,DEMİRCİLİ,34258691.00000,33306.00000,186.00000,"38700"
639.00000,12.00000,BÜYÜK SÖBEÇİMEN,51745849.00000,31738.00000,233.00000,"38660"
84.00000,4.00000,GÜZELKÖY,8538421.00000,14579.00000,236.00000,"38190"
182.00000,2.00000,SEMERKENT,90011991.00000,54151.00000,410.00000,"38560"
45.00000,4.00000,EĞRİBUCAK,16379508.00000,26913.00000,2994.00000,"38120"
8.00000,4.00000,ALTINOLUK,4409016.00000,9929.00000,13934.00000,"38120"
306.00000,7.00000,TUĞLAŞAH,5823306.00000,12644.00000,33.00000,"38770"
12.00000,4.00000,AYDINLIKEVLER,591970.00000,3735.00000,9524.00000,"38120"
162.00000,3.00000,MOLU,50918817.00000,44364.00000,501.00000,"38090"
312.00000,7.00000,ALPARSLAN,41512528.00000,40238.00000,518.00000,"38770"
56.00000,3.00000,DADAĞI,27949083.00000,28158.00000,226.00000,"38055"
57.00000,3.00000,ERTUĞRUL GAZİ,13608850.00000,17248.00000,21160.00000,"38050"
720.00000,12.00000,YENİ,3427066.00000,12976.00000,590.00000,"38660"
800.00000,6.00000,SÜMER,14571910.00000,21336.00000,1411.00000,"38600"
60.00000,3.00000,KEMER,25182039.00000,25738.00000,305.00000,"38055"
62.00000,3.00000,OSMANGAZİ,6854839.00000,12186.00000,23899.00000,"38050"
174.00000,4.00000,SAKARYA,12468144.00000,20914.00000,9547.00000,"38170"
64.00000,3.00000,ERKİLET,54513323.00000,36223.00000,590.00000,"38050"
29.00000,4.00000,BÜYÜK BÜRÜNGÜZ,57081554.00000,39964.00000,487.00000,"38195"
474.00000,6.00000,CAMİİKEBİR,15440791.00000,26585.00000,399.00000,"38600"
291.00000,14.00000,BÜYÜKTORAMAN İSTİKLAL,60927621.00000,40946.00000,725.00000,"38750"
292.00000,14.00000,KAYAPINAR FATİH SULTAN MEHMET,26963371.00000,30069.00000,766.00000,"38750"
478.00000,6.00000,DAĞARDI,33120217.00000,32464.00000,61.00000,"38600"
316.00000,7.00000,YUKARI BOĞAZİÇİ,8394279.00000,14443.00000,280.00000,"38770"
754.00000,15.00000,FENESEAŞAĞI,105956.00000,1885.00000,370.00000,"38400"
71.00000,4.00000,ESENYURT,2431633.00000,8927.00000,21375.00000,"38150"
108.00000,4.00000,HİSARCIK,72850018.00000,53036.00000,4746.00000,"38155"
196.00000,3.00000,TALATPAŞA,2847104.00000,7690.00000,1663.00000,"38030"
168.00000,3.00000,OYMAAĞAÇ,14321377.00000,18857.00000,595.00000,"38090"
484.00000,6.00000,YENİ SÜKSÜN,65640592.00000,46980.00000,926.00000,"38600"
827.00000,6.00000,PİRAHMET,32485674.00000,34158.00000,358.00000,"38600"
59.00000,3.00000,GENERAL EMİR,8087383.00000,13294.00000,7483.00000,"38050"
105.00000,3.00000,HASAN ARPA,8015232.00000,14699.00000,264.00000,"38055"
46.00000,3.00000,ELAGÖZ,7027955.00000,12246.00000,821.00000,"38040"
27.00000,3.00000,BUĞDAYLI,8766775.00000,14098.00000,2854.00000,"38095"
749.00000,11.00000,YAVUZ SELİM,19633644.00000,27630.00000,1383.00000,"38800"
